imagen;descripcion;generated_description;keywords;fecha
C:\Users\jveraz\AppData\Local\Temp\tmpmb_e96qi.png;calle;"Descripción archivística de la imagen:

Título: Calle
Colección: Colección Elejalde, Instituto Riva-Agüero, PUCP

Descripción:
La fotografía muestra una vista de una calle típica de un centro urbano peruano a principios del siglo XX. La imagen captura una escena diurna en la que se observa una calle empedrada, flanqueada por edificaciones de dos y tres pisos con fachadas de estilos arquitectónicos que mezclan elementos coloniales y republicanos. Las ventanas y balcones de madera tallada son prominentes, y algunas de las fachadas presentan detalles ornamentales como cornisas y molduras.

En la calle, se pueden ver varios transeúntes, predominantemente hombres vestidos con trajes y sombreros de la época, lo que sugiere una formalidad en el vestir característica de las clases urbanas de aquel tiempo. También se observa un carruaje tirado por caballos, indicativo de los medios de transporte utilizados antes de la popularización del automóvil.

No hay señales visibles de tecnología moderna, lo que ayuda a confirmar la temporalidad histórica de la imagen. La atmósfera general transmite una sensación de tranquilidad y cotidianidad, con personas que parecen estar en sus actividades diarias, ya sea caminando o en conversaciones esporádicas.

Importancia histórica y cultural:
Esta imagen es valiosa para el estudio del desarrollo urbano y la vida cotidiana en las ciudades peruanas durante el período de transición del siglo XIX al XX. Ofrece insights sobre la arquitectura de la época, así como sobre los modos de transporte y las normas sociales en cuanto a vestimenta y comportamiento en espacios públicos.

Referencias para catalogación:
- Fecha estimada de la fotografía: Circa 1900-1910.
- Ubicación probable: Centro histórico de una ciudad peruana, no especificada.
- Dimensiones de la fotografía original: [especificar dimensiones si están disponibles].
- Condiciones de conservación: [especificar estado si está disponible].
- Notas adicionales: [cualquier otra información relevante";['arquitectura colonial', 'arquitectura republicana', 'Lima', 'principios del siglo XX', 'Patrimonio cultural', 'Historia urbana', 'transporte de carruaje', 'vestimenta de época', 'vida cotidiana', 'centro histórico', 'Colección Elejalde', 'Instituto Riva-Agüero', 'PUCP', 'calle empedrada', 'balcones de madera tallada', 'fachadas ornamentales'];2025-02-06 17:36:29
C:\Users\jveraz\AppData\Local\Temp\tmpzal7c7lr.png;calle;"Descripción Archivística de la Fotografía:

Título: Calle

Descripción:
La imagen muestra una vista de una calle de adoquines, característica de principios del siglo XX, posiblemente ubicada en un centro urbano de una ciudad peruana. A lo largo de la calle se observan edificaciones de dos y tres pisos con fachadas que presentan elementos de la arquitectura colonial, como balcones de madera cerrados y ventanas con rejas de hierro. La calle está flanqueada por aceras estrechas donde se pueden ver algunos peatones vestidos con ropa de época, incluyendo sombreros y trajes formales, lo que sugiere que la fotografía fue tomada en un día laboral o durante un evento social importante.

En el centro de la calle, se distingue un tranvía, indicativo del sistema de transporte público de la época, lo que proporciona información valiosa sobre la infraestructura y tecnología de transporte de la ciudad en ese tiempo. No hay vehículos motorizados visibles, lo que refuerza la idea de que la imagen data de las primeras décadas del siglo XX.

El cielo está parcialmente nublado, y la iluminación sugiere que la fotografía fue tomada a media mañana o en la tarde temprano. No hay señales modernas de tráfico o publicidad, lo que ayuda a preservar el carácter histórico de la escena.

Esta imagen es un valioso documento histórico que ofrece insights sobre la vida urbana, la arquitectura y el transporte en una ciudad peruana durante el período indicado. La preservación de detalles como el tipo de pavimentación, la arquitectura de las edificaciones y los modos de vestimenta de los peatones son esenciales para entender el contexto social y cultural de la época.

Ubicación: [Datos específicos de la ciudad o ubicación, si están disponibles en la información adicional de Excel o en la metadata de la imagen]

Fecha: [Datos específicos del año o rango de años, si están disponibles en la información adicional de Excel o en la metadata de la imagen]

Colección: Colección Elejalde, Instituto Riva-Agüero, P";['calle de adoquines', 'arquitectura colonial', 'balcones de madera', 'tranvía', 'transporte público temprano siglo XX', 'vestimenta de época', 'Lima', 'historia urbana', 'tecnología de transporte', 'vida urbana principios del siglo XX', 'Colección Elejalde', 'Instituto Riva-Agüero', 'Patrimonio cultural', 'sin vehículos motorizados', 'fachadas con rejas de hierro'];2025-02-06 17:37:56
C:\Users\jveraz\AppData\Local\Temp\tmpjiy3f5ho.png;calle;"Descripción de la imagen titulada ""Calle"" de la Colección Elejalde del Instituto Riva-Agüero, PUCP:

La fotografía en blanco y negro muestra una vista de una calle urbana, presumiblemente tomada en las primeras décadas del siglo XX, dada la estética y la calidad del material fotográfico. La calle, pavimentada con adoquines, se extiende desde el primer plano hacia el fondo de la imagen, donde se pierde en una curva leve hacia la derecha. A lo largo de la calle se observan faroles de estilo antiguo, posiblemente alimentados por gas, lo que sugiere que la imagen fue capturada antes de la generalización del alumbrado eléctrico.

A ambos lados de la calle, se alinean edificaciones de dos y tres pisos. Estas construcciones presentan fachadas con detalles arquitectónicos de la época, como molduras en las ventanas, balcones de hierro forjado y puertas de madera maciza. La uniformidad en la altura y el estilo de los edificios sugiere que la calle podría estar ubicada en una zona planificada o de desarrollo urbano controlado de la época.

En la calle, se observan varios peatones, hombres y mujeres, vestidos con indumentaria típica de principios del siglo XX, incluyendo sombreros de ala ancha y trajes formales para los hombres, y vestidos largos y sombreros decorados para las mujeres. Su presencia añade una dimensión social a la escena, indicando el uso cotidiano de este espacio urbano.

No hay vehículos visibles en la imagen, lo que podría indicar que la fotografía fue tomada en un día festivo o durante un momento del día de baja actividad vehicular. La ausencia de caballos o carruajes también podría ser indicativa de la transición hacia el uso de automóviles, aunque ninguno es visible en la imagen.

Esta fotografía no solo documenta la arquitectura y el urbanismo de la época, sino que también ofrece una visión del estilo de vida y la moda urbana de principios del siglo XX, proporcionando un valioso";[];2025-02-06 17:41:48
C:\Users\jveraz\AppData\Local\Temp\tmpbw7ww2oi.png;calle;"Descripción Archivística de la Fotografía:

Título: Calle
Colección: Colección Elejalde
Instituto: Instituto Riva-Agüero, PUCP

Descripción:
La fotografía en blanco y negro muestra una vista de una calle típica de un centro urbano peruano, posiblemente de principios del siglo XX. La imagen captura una escena diurna en la que se pueden observar edificaciones de estilo colonial español a ambos lados de la calle. Las fachadas de los edificios presentan características como balcones de madera tallada y ventanas con rejas de hierro forjado, típicas de la arquitectura colonial en Perú.

En la calle, empedrada y sin señalización moderna, se observan varias personas, posiblemente locales, caminando o paradas en grupos pequeños. Los hombres y mujeres están vestidos con ropas de la época, incluyendo sombreros de ala ancha y vestidos largos para las mujeres. No hay presencia de vehículos modernos, lo que sugiere que la fotografía fue tomada antes de la masificación del automóvil en la región.

Al fondo de la imagen, se puede ver una pequeña plaza o cruce, donde más personas parecen congregarse. No hay elementos modernos visibles, lo que ayuda a preservar el carácter histórico de la escena.

Contexto Histórico y Cultural:
Esta imagen es valiosa para el estudio del desarrollo urbano y la vida cotidiana en las ciudades peruanas durante el período colonial y post-colonial temprano. Las estructuras arquitectónicas y el vestuario de las personas proporcionan información sobre el estilo de vida y las normas sociales de la época. Además, la ausencia de tecnología moderna y la presencia de una calle empedrada reflejan las condiciones infraestructurales de la época.

Importancia Archivística:
Esta fotografía es un recurso crucial para historiadores, arquitectos y estudiosos interesados en la evolución urbana de las ciudades peruanas y en la influencia de la arquitectura colonial española en América Latina. Además, ofrece una visión tangible";['arquitectura colonial española', 'Lima', 'principios del siglo XX', 'Patrimonio cultural', 'Historia urbana', 'Calle empedrada', 'vestuario tradicional', 'vida cotidiana', 'Colección Elejalde', 'Instituto Riva-Agüero', 'PUCP', 'fotografía histórica', 'sin vehículos modernos', 'balcones de madera tallada', 'ventanas con rejas de hierro forjado'];2025-02-06 17:47:23
